/media/data_dump/hemant/rachit/dataset/downloaded_Data/cv-corpus-6.1-2020-12-11/en/wav/common_voice_en_18714262.wav,/media/data_dump/hemant/rachit/dataset/downloaded_Data/cv-corpus-6.1-2020-12-11/en/txt/common_voice_en_18714262.txt,nineties
/media/data_dump/hemant/rachit/dataset/downloaded_Data/cv-corpus-6.1-2020-12-11/en/wav/common_voice_en_19688695.wav,/media/data_dump/hemant/rachit/dataset/downloaded_Data/cv-corpus-6.1-2020-12-11/en/txt/common_voice_en_19688695.txt,nineties
/media/data_dump/hemant/rachit/dataset/downloaded_Data/cv-corpus-6.1-2020-12-11/en/wav/common_voice_en_20009896.wav,/media/data_dump/hemant/rachit/dataset/downloaded_Data/cv-corpus-6.1-2020-12-11/en/txt/common_voice_en_20009896.txt,nineties
/media/data_dump/hemant/rachit/dataset/downloaded_Data/cv-corpus-6.1-2020-12-11/en/wav/common_voice_en_20161616.wav,/media/data_dump/hemant/rachit/dataset/downloaded_Data/cv-corpus-6.1-2020-12-11/en/txt/common_voice_en_20161616.txt,nineties
/media/data_dump/hemant/rachit/dataset/downloaded_Data/cv-corpus-6.1-2020-12-11/en/wav/common_voice_en_20161614.wav,/media/data_dump/hemant/rachit/dataset/downloaded_Data/cv-corpus-6.1-2020-12-11/en/txt/common_voice_en_20161614.txt,nineties
/media/data_dump/hemant/rachit/dataset/downloaded_Data/cv-corpus-6.1-2020-12-11/en/wav/common_voice_en_19688697.wav,/media/data_dump/hemant/rachit/dataset/downloaded_Data/cv-corpus-6.1-2020-12-11/en/txt/common_voice_en_19688697.txt,nineties
/media/data_dump/hemant/rachit/dataset/downloaded_Data/cv-corpus-6.1-2020-12-11/en/wav/common_voice_en_20009935.wav,/media/data_dump/hemant/rachit/dataset/downloaded_Data/cv-corpus-6.1-2020-12-11/en/txt/common_voice_en_20009935.txt,nineties
/media/data_dump/hemant/rachit/dataset/downloaded_Data/cv-corpus-6.1-2020-12-11/en/wav/common_voice_en_19688698.wav,/media/data_dump/hemant/rachit/dataset/downloaded_Data/cv-corpus-6.1-2020-12-11/en/txt/common_voice_en_19688698.txt,nineties
/media/data_dump/hemant/rachit/dataset/downloaded_Data/cv-corpus-6.1-2020-12-11/en/wav/common_voice_en_20161611.wav,/media/data_dump/hemant/rachit/dataset/downloaded_Data/cv-corpus-6.1-2020-12-11/en/txt/common_voice_en_20161611.txt,nineties
/media/data_dump/hemant/rachit/dataset/downloaded_Data/cv-corpus-6.1-2020-12-11/en/wav/common_voice_en_18714235.wav,/media/data_dump/hemant/rachit/dataset/downloaded_Data/cv-corpus-6.1-2020-12-11/en/txt/common_voice_en_18714235.txt,nineties
/media/data_dump/hemant/rachit/dataset/downloaded_Data/cv-corpus-6.1-2020-12-11/en/wav/common_voice_en_20161617.wav,/media/data_dump/hemant/rachit/dataset/downloaded_Data/cv-corpus-6.1-2020-12-11/en/txt/common_voice_en_20161617.txt,nineties
/media/data_dump/hemant/rachit/dataset/downloaded_Data/cv-corpus-6.1-2020-12-11/en/wav/common_voice_en_20009851.wav,/media/data_dump/hemant/rachit/dataset/downloaded_Data/cv-corpus-6.1-2020-12-11/en/txt/common_voice_en_20009851.txt,nineties
/media/data_dump/hemant/rachit/dataset/downloaded_Data/cv-corpus-6.1-2020-12-11/en/wav/common_voice_en_20161612.wav,/media/data_dump/hemant/rachit/dataset/downloaded_Data/cv-corpus-6.1-2020-12-11/en/txt/common_voice_en_20161612.txt,nineties
/media/data_dump/hemant/rachit/dataset/downloaded_Data/cv-corpus-6.1-2020-12-11/en/wav/common_voice_en_20161615.wav,/media/data_dump/hemant/rachit/dataset/downloaded_Data/cv-corpus-6.1-2020-12-11/en/txt/common_voice_en_20161615.txt,nineties
/media/data_dump/hemant/rachit/dataset/downloaded_Data/cv-corpus-6.1-2020-12-11/en/wav/common_voice_en_18714245.wav,/media/data_dump/hemant/rachit/dataset/downloaded_Data/cv-corpus-6.1-2020-12-11/en/txt/common_voice_en_18714245.txt,nineties
/media/data_dump/hemant/rachit/dataset/downloaded_Data/cv-corpus-6.1-2020-12-11/en/wav/common_voice_en_20009850.wav,/media/data_dump/hemant/rachit/dataset/downloaded_Data/cv-corpus-6.1-2020-12-11/en/txt/common_voice_en_20009850.txt,nineties
/media/data_dump/hemant/rachit/dataset/downloaded_Data/cv-corpus-6.1-2020-12-11/en/wav/common_voice_en_18714231.wav,/media/data_dump/hemant/rachit/dataset/downloaded_Data/cv-corpus-6.1-2020-12-11/en/txt/common_voice_en_18714231.txt,nineties
/media/data_dump/hemant/rachit/dataset/downloaded_Data/cv-corpus-6.1-2020-12-11/en/wav/common_voice_en_18714264.wav,/media/data_dump/hemant/rachit/dataset/downloaded_Data/cv-corpus-6.1-2020-12-11/en/txt/common_voice_en_18714264.txt,nineties
/media/data_dump/hemant/rachit/dataset/downloaded_Data/cv-corpus-6.1-2020-12-11/en/wav/common_voice_en_20009892.wav,/media/data_dump/hemant/rachit/dataset/downloaded_Data/cv-corpus-6.1-2020-12-11/en/txt/common_voice_en_20009892.txt,nineties
/media/data_dump/hemant/rachit/dataset/downloaded_Data/cv-corpus-6.1-2020-12-11/en/wav/common_voice_en_18714227.wav,/media/data_dump/hemant/rachit/dataset/downloaded_Data/cv-corpus-6.1-2020-12-11/en/txt/common_voice_en_18714227.txt,nineties
/media/data_dump/hemant/rachit/dataset/downloaded_Data/cv-corpus-6.1-2020-12-11/en/wav/common_voice_en_18714244.wav,/media/data_dump/hemant/rachit/dataset/downloaded_Data/cv-corpus-6.1-2020-12-11/en/txt/common_voice_en_18714244.txt,nineties
/media/data_dump/hemant/rachit/dataset/downloaded_Data/cv-corpus-6.1-2020-12-11/en/wav/common_voice_en_18714228.wav,/media/data_dump/hemant/rachit/dataset/downloaded_Data/cv-corpus-6.1-2020-12-11/en/txt/common_voice_en_18714228.txt,nineties
/media/data_dump/hemant/rachit/dataset/downloaded_Data/cv-corpus-6.1-2020-12-11/en/wav/common_voice_en_20009930.wav,/media/data_dump/hemant/rachit/dataset/downloaded_Data/cv-corpus-6.1-2020-12-11/en/txt/common_voice_en_20009930.txt,nineties
/media/data_dump/hemant/rachit/dataset/downloaded_Data/cv-corpus-6.1-2020-12-11/en/wav/common_voice_en_18714223.wav,/media/data_dump/hemant/rachit/dataset/downloaded_Data/cv-corpus-6.1-2020-12-11/en/txt/common_voice_en_18714223.txt,nineties
/media/data_dump/hemant/rachit/dataset/downloaded_Data/cv-corpus-6.1-2020-12-11/en/wav/common_voice_en_20161613.wav,/media/data_dump/hemant/rachit/dataset/downloaded_Data/cv-corpus-6.1-2020-12-11/en/txt/common_voice_en_20161613.txt,nineties
/media/data_dump/hemant/rachit/dataset/downloaded_Data/cv-corpus-6.1-2020-12-11/en/wav/common_voice_en_18714284.wav,/media/data_dump/hemant/rachit/dataset/downloaded_Data/cv-corpus-6.1-2020-12-11/en/txt/common_voice_en_18714284.txt,nineties
/media/data_dump/hemant/rachit/dataset/downloaded_Data/cv-corpus-6.1-2020-12-11/en/wav/common_voice_en_18714222.wav,/media/data_dump/hemant/rachit/dataset/downloaded_Data/cv-corpus-6.1-2020-12-11/en/txt/common_voice_en_18714222.txt,nineties
/media/data_dump/hemant/rachit/dataset/downloaded_Data/cv-corpus-6.1-2020-12-11/en/wav/common_voice_en_18714239.wav,/media/data_dump/hemant/rachit/dataset/downloaded_Data/cv-corpus-6.1-2020-12-11/en/txt/common_voice_en_18714239.txt,nineties
/media/data_dump/hemant/rachit/dataset/downloaded_Data/cv-corpus-6.1-2020-12-11/en/wav/common_voice_en_20009874.wav,/media/data_dump/hemant/rachit/dataset/downloaded_Data/cv-corpus-6.1-2020-12-11/en/txt/common_voice_en_20009874.txt,nineties
/media/data_dump/hemant/rachit/dataset/downloaded_Data/cv-corpus-6.1-2020-12-11/en/wav/common_voice_en_20009928.wav,/media/data_dump/hemant/rachit/dataset/downloaded_Data/cv-corpus-6.1-2020-12-11/en/txt/common_voice_en_20009928.txt,nineties
/media/data_dump/hemant/rachit/dataset/downloaded_Data/cv-corpus-6.1-2020-12-11/en/wav/common_voice_en_18714215.wav,/media/data_dump/hemant/rachit/dataset/downloaded_Data/cv-corpus-6.1-2020-12-11/en/txt/common_voice_en_18714215.txt,nineties
/media/data_dump/hemant/rachit/dataset/downloaded_Data/cv-corpus-6.1-2020-12-11/en/wav/common_voice_en_18714238.wav,/media/data_dump/hemant/rachit/dataset/downloaded_Data/cv-corpus-6.1-2020-12-11/en/txt/common_voice_en_18714238.txt,nineties
/media/data_dump/hemant/rachit/dataset/downloaded_Data/cv-corpus-6.1-2020-12-11/en/wav/common_voice_en_18714250.wav,/media/data_dump/hemant/rachit/dataset/downloaded_Data/cv-corpus-6.1-2020-12-11/en/txt/common_voice_en_18714250.txt,nineties
/media/data_dump/hemant/rachit/dataset/downloaded_Data/cv-corpus-6.1-2020-12-11/en/wav/common_voice_en_18714283.wav,/media/data_dump/hemant/rachit/dataset/downloaded_Data/cv-corpus-6.1-2020-12-11/en/txt/common_voice_en_18714283.txt,nineties
/media/data_dump/hemant/rachit/dataset/downloaded_Data/cv-corpus-6.1-2020-12-11/en/wav/common_voice_en_18714237.wav,/media/data_dump/hemant/rachit/dataset/downloaded_Data/cv-corpus-6.1-2020-12-11/en/txt/common_voice_en_18714237.txt,nineties
/media/data_dump/hemant/rachit/dataset/downloaded_Data/cv-corpus-6.1-2020-12-11/en/wav/common_voice_en_18714247.wav,/media/data_dump/hemant/rachit/dataset/downloaded_Data/cv-corpus-6.1-2020-12-11/en/txt/common_voice_en_18714247.txt,nineties
/media/data_dump/hemant/rachit/dataset/downloaded_Data/cv-corpus-6.1-2020-12-11/en/wav/common_voice_en_18714257.wav,/media/data_dump/hemant/rachit/dataset/downloaded_Data/cv-corpus-6.1-2020-12-11/en/txt/common_voice_en_18714257.txt,nineties
/media/data_dump/hemant/rachit/dataset/downloaded_Data/cv-corpus-6.1-2020-12-11/en/wav/common_voice_en_18714213.wav,/media/data_dump/hemant/rachit/dataset/downloaded_Data/cv-corpus-6.1-2020-12-11/en/txt/common_voice_en_18714213.txt,nineties
/media/data_dump/hemant/rachit/dataset/downloaded_Data/cv-corpus-6.1-2020-12-11/en/wav/common_voice_en_18714221.wav,/media/data_dump/hemant/rachit/dataset/downloaded_Data/cv-corpus-6.1-2020-12-11/en/txt/common_voice_en_18714221.txt,nineties
/media/data_dump/hemant/rachit/dataset/downloaded_Data/cv-corpus-6.1-2020-12-11/en/wav/common_voice_en_19688700.wav,/media/data_dump/hemant/rachit/dataset/downloaded_Data/cv-corpus-6.1-2020-12-11/en/txt/common_voice_en_19688700.txt,nineties
/media/data_dump/hemant/rachit/dataset/downloaded_Data/cv-corpus-6.1-2020-12-11/en/wav/common_voice_en_20009931.wav,/media/data_dump/hemant/rachit/dataset/downloaded_Data/cv-corpus-6.1-2020-12-11/en/txt/common_voice_en_20009931.txt,nineties
/media/data_dump/hemant/rachit/dataset/downloaded_Data/cv-corpus-6.1-2020-12-11/en/wav/common_voice_en_18714280.wav,/media/data_dump/hemant/rachit/dataset/downloaded_Data/cv-corpus-6.1-2020-12-11/en/txt/common_voice_en_18714280.txt,nineties
/media/data_dump/hemant/rachit/dataset/downloaded_Data/cv-corpus-6.1-2020-12-11/en/wav/common_voice_en_18714263.wav,/media/data_dump/hemant/rachit/dataset/downloaded_Data/cv-corpus-6.1-2020-12-11/en/txt/common_voice_en_18714263.txt,nineties
/media/data_dump/hemant/rachit/dataset/downloaded_Data/cv-corpus-6.1-2020-12-11/en/wav/common_voice_en_18714277.wav,/media/data_dump/hemant/rachit/dataset/downloaded_Data/cv-corpus-6.1-2020-12-11/en/txt/common_voice_en_18714277.txt,nineties
/media/data_dump/hemant/rachit/dataset/downloaded_Data/cv-corpus-6.1-2020-12-11/en/wav/common_voice_en_18714265.wav,/media/data_dump/hemant/rachit/dataset/downloaded_Data/cv-corpus-6.1-2020-12-11/en/txt/common_voice_en_18714265.txt,nineties
/media/data_dump/hemant/rachit/dataset/downloaded_Data/cv-corpus-6.1-2020-12-11/en/wav/common_voice_en_18714258.wav,/media/data_dump/hemant/rachit/dataset/downloaded_Data/cv-corpus-6.1-2020-12-11/en/txt/common_voice_en_18714258.txt,nineties
/media/data_dump/hemant/rachit/dataset/downloaded_Data/cv-corpus-6.1-2020-12-11/en/wav/common_voice_en_18714211.wav,/media/data_dump/hemant/rachit/dataset/downloaded_Data/cv-corpus-6.1-2020-12-11/en/txt/common_voice_en_18714211.txt,nineties
/media/data_dump/hemant/rachit/dataset/downloaded_Data/cv-corpus-6.1-2020-12-11/en/wav/common_voice_en_18714261.wav,/media/data_dump/hemant/rachit/dataset/downloaded_Data/cv-corpus-6.1-2020-12-11/en/txt/common_voice_en_18714261.txt,nineties
/media/data_dump/hemant/rachit/dataset/downloaded_Data/cv-corpus-6.1-2020-12-11/en/wav/common_voice_en_20009895.wav,/media/data_dump/hemant/rachit/dataset/downloaded_Data/cv-corpus-6.1-2020-12-11/en/txt/common_voice_en_20009895.txt,nineties
/media/data_dump/hemant/rachit/dataset/downloaded_Data/cv-corpus-6.1-2020-12-11/en/wav/common_voice_en_18714259.wav,/media/data_dump/hemant/rachit/dataset/downloaded_Data/cv-corpus-6.1-2020-12-11/en/txt/common_voice_en_18714259.txt,nineties
/media/data_dump/hemant/rachit/dataset/downloaded_Data/cv-corpus-6.1-2020-12-11/en/wav/common_voice_en_18714232.wav,/media/data_dump/hemant/rachit/dataset/downloaded_Data/cv-corpus-6.1-2020-12-11/en/txt/common_voice_en_18714232.txt,nineties
/media/data_dump/hemant/rachit/dataset/downloaded_Data/cv-corpus-6.1-2020-12-11/en/wav/common_voice_en_20009893.wav,/media/data_dump/hemant/rachit/dataset/downloaded_Data/cv-corpus-6.1-2020-12-11/en/txt/common_voice_en_20009893.txt,nineties
/media/data_dump/hemant/rachit/dataset/downloaded_Data/cv-corpus-6.1-2020-12-11/en/wav/common_voice_en_18714226.wav,/media/data_dump/hemant/rachit/dataset/downloaded_Data/cv-corpus-6.1-2020-12-11/en/txt/common_voice_en_18714226.txt,nineties
/media/data_dump/hemant/rachit/dataset/downloaded_Data/cv-corpus-6.1-2020-12-11/en/wav/common_voice_en_18714252.wav,/media/data_dump/hemant/rachit/dataset/downloaded_Data/cv-corpus-6.1-2020-12-11/en/txt/common_voice_en_18714252.txt,nineties
/media/data_dump/hemant/rachit/dataset/downloaded_Data/cv-corpus-6.1-2020-12-11/en/wav/common_voice_en_20161610.wav,/media/data_dump/hemant/rachit/dataset/downloaded_Data/cv-corpus-6.1-2020-12-11/en/txt/common_voice_en_20161610.txt,nineties
/media/data_dump/hemant/rachit/dataset/downloaded_Data/cv-corpus-6.1-2020-12-11/en/wav/common_voice_en_18714234.wav,/media/data_dump/hemant/rachit/dataset/downloaded_Data/cv-corpus-6.1-2020-12-11/en/txt/common_voice_en_18714234.txt,nineties
/media/data_dump/hemant/rachit/dataset/downloaded_Data/cv-corpus-6.1-2020-12-11/en/wav/common_voice_en_18714281.wav,/media/data_dump/hemant/rachit/dataset/downloaded_Data/cv-corpus-6.1-2020-12-11/en/txt/common_voice_en_18714281.txt,nineties
/media/data_dump/hemant/rachit/dataset/downloaded_Data/cv-corpus-6.1-2020-12-11/en/wav/common_voice_en_18714249.wav,/media/data_dump/hemant/rachit/dataset/downloaded_Data/cv-corpus-6.1-2020-12-11/en/txt/common_voice_en_18714249.txt,nineties
/media/data_dump/hemant/rachit/dataset/downloaded_Data/cv-corpus-6.1-2020-12-11/en/wav/common_voice_en_20009847.wav,/media/data_dump/hemant/rachit/dataset/downloaded_Data/cv-corpus-6.1-2020-12-11/en/txt/common_voice_en_20009847.txt,nineties
/media/data_dump/hemant/rachit/dataset/downloaded_Data/cv-corpus-6.1-2020-12-11/en/wav/common_voice_en_18714260.wav,/media/data_dump/hemant/rachit/dataset/downloaded_Data/cv-corpus-6.1-2020-12-11/en/txt/common_voice_en_18714260.txt,nineties
/media/data_dump/hemant/rachit/dataset/downloaded_Data/cv-corpus-6.1-2020-12-11/en/wav/common_voice_en_20161608.wav,/media/data_dump/hemant/rachit/dataset/downloaded_Data/cv-corpus-6.1-2020-12-11/en/txt/common_voice_en_20161608.txt,nineties
/media/data_dump/hemant/rachit/dataset/downloaded_Data/cv-corpus-6.1-2020-12-11/en/wav/common_voice_en_20009848.wav,/media/data_dump/hemant/rachit/dataset/downloaded_Data/cv-corpus-6.1-2020-12-11/en/txt/common_voice_en_20009848.txt,nineties
/media/data_dump/hemant/rachit/dataset/downloaded_Data/cv-corpus-6.1-2020-12-11/en/wav/common_voice_en_20009849.wav,/media/data_dump/hemant/rachit/dataset/downloaded_Data/cv-corpus-6.1-2020-12-11/en/txt/common_voice_en_20009849.txt,nineties
/media/data_dump/hemant/rachit/dataset/downloaded_Data/cv-corpus-6.1-2020-12-11/en/wav/common_voice_en_18714214.wav,/media/data_dump/hemant/rachit/dataset/downloaded_Data/cv-corpus-6.1-2020-12-11/en/txt/common_voice_en_18714214.txt,nineties
/media/data_dump/hemant/rachit/dataset/downloaded_Data/cv-corpus-6.1-2020-12-11/en/wav/common_voice_en_18714246.wav,/media/data_dump/hemant/rachit/dataset/downloaded_Data/cv-corpus-6.1-2020-12-11/en/txt/common_voice_en_18714246.txt,nineties
/media/data_dump/hemant/rachit/dataset/downloaded_Data/cv-corpus-6.1-2020-12-11/en/wav/common_voice_en_18714236.wav,/media/data_dump/hemant/rachit/dataset/downloaded_Data/cv-corpus-6.1-2020-12-11/en/txt/common_voice_en_18714236.txt,nineties
/media/data_dump/hemant/rachit/dataset/downloaded_Data/cv-corpus-6.1-2020-12-11/en/wav/common_voice_en_18714233.wav,/media/data_dump/hemant/rachit/dataset/downloaded_Data/cv-corpus-6.1-2020-12-11/en/txt/common_voice_en_18714233.txt,nineties
/media/data_dump/hemant/rachit/dataset/downloaded_Data/cv-corpus-6.1-2020-12-11/en/wav/common_voice_en_19688699.wav,/media/data_dump/hemant/rachit/dataset/downloaded_Data/cv-corpus-6.1-2020-12-11/en/txt/common_voice_en_19688699.txt,nineties
/media/data_dump/hemant/rachit/dataset/downloaded_Data/cv-corpus-6.1-2020-12-11/en/wav/common_voice_en_18714224.wav,/media/data_dump/hemant/rachit/dataset/downloaded_Data/cv-corpus-6.1-2020-12-11/en/txt/common_voice_en_18714224.txt,nineties
/media/data_dump/hemant/rachit/dataset/downloaded_Data/cv-corpus-6.1-2020-12-11/en/wav/common_voice_en_18714241.wav,/media/data_dump/hemant/rachit/dataset/downloaded_Data/cv-corpus-6.1-2020-12-11/en/txt/common_voice_en_18714241.txt,nineties
/media/data_dump/hemant/rachit/dataset/downloaded_Data/cv-corpus-6.1-2020-12-11/en/wav/common_voice_en_18714240.wav,/media/data_dump/hemant/rachit/dataset/downloaded_Data/cv-corpus-6.1-2020-12-11/en/txt/common_voice_en_18714240.txt,nineties
/media/data_dump/hemant/rachit/dataset/downloaded_Data/cv-corpus-6.1-2020-12-11/en/wav/common_voice_en_18714256.wav,/media/data_dump/hemant/rachit/dataset/downloaded_Data/cv-corpus-6.1-2020-12-11/en/txt/common_voice_en_18714256.txt,nineties
/media/data_dump/hemant/rachit/dataset/downloaded_Data/cv-corpus-6.1-2020-12-11/en/wav/common_voice_en_18714229.wav,/media/data_dump/hemant/rachit/dataset/downloaded_Data/cv-corpus-6.1-2020-12-11/en/txt/common_voice_en_18714229.txt,nineties
/media/data_dump/hemant/rachit/dataset/downloaded_Data/cv-corpus-6.1-2020-12-11/en/wav/common_voice_en_18714219.wav,/media/data_dump/hemant/rachit/dataset/downloaded_Data/cv-corpus-6.1-2020-12-11/en/txt/common_voice_en_18714219.txt,nineties
/media/data_dump/hemant/rachit/dataset/downloaded_Data/cv-corpus-6.1-2020-12-11/en/wav/common_voice_en_18714225.wav,/media/data_dump/hemant/rachit/dataset/downloaded_Data/cv-corpus-6.1-2020-12-11/en/txt/common_voice_en_18714225.txt,nineties
/media/data_dump/hemant/rachit/dataset/downloaded_Data/cv-corpus-6.1-2020-12-11/en/wav/common_voice_en_20009875.wav,/media/data_dump/hemant/rachit/dataset/downloaded_Data/cv-corpus-6.1-2020-12-11/en/txt/common_voice_en_20009875.txt,nineties
/media/data_dump/hemant/rachit/dataset/downloaded_Data/cv-corpus-6.1-2020-12-11/en/wav/common_voice_en_18714212.wav,/media/data_dump/hemant/rachit/dataset/downloaded_Data/cv-corpus-6.1-2020-12-11/en/txt/common_voice_en_18714212.txt,nineties
/media/data_dump/hemant/rachit/dataset/downloaded_Data/cv-corpus-6.1-2020-12-11/en/wav/common_voice_en_18714230.wav,/media/data_dump/hemant/rachit/dataset/downloaded_Data/cv-corpus-6.1-2020-12-11/en/txt/common_voice_en_18714230.txt,nineties
/media/data_dump/hemant/rachit/dataset/downloaded_Data/cv-corpus-6.1-2020-12-11/en/wav/common_voice_en_20009933.wav,/media/data_dump/hemant/rachit/dataset/downloaded_Data/cv-corpus-6.1-2020-12-11/en/txt/common_voice_en_20009933.txt,nineties
/media/data_dump/hemant/rachit/dataset/downloaded_Data/cv-corpus-6.1-2020-12-11/en/wav/common_voice_en_18714216.wav,/media/data_dump/hemant/rachit/dataset/downloaded_Data/cv-corpus-6.1-2020-12-11/en/txt/common_voice_en_18714216.txt,nineties
/media/data_dump/hemant/rachit/dataset/downloaded_Data/cv-corpus-6.1-2020-12-11/en/wav/common_voice_en_18714217.wav,/media/data_dump/hemant/rachit/dataset/downloaded_Data/cv-corpus-6.1-2020-12-11/en/txt/common_voice_en_18714217.txt,nineties
/media/data_dump/hemant/rachit/dataset/downloaded_Data/cv-corpus-6.1-2020-12-11/en/wav/common_voice_en_18714220.wav,/media/data_dump/hemant/rachit/dataset/downloaded_Data/cv-corpus-6.1-2020-12-11/en/txt/common_voice_en_18714220.txt,nineties
/media/data_dump/hemant/rachit/dataset/downloaded_Data/cv-corpus-6.1-2020-12-11/en/wav/common_voice_en_18714278.wav,/media/data_dump/hemant/rachit/dataset/downloaded_Data/cv-corpus-6.1-2020-12-11/en/txt/common_voice_en_18714278.txt,nineties
