/media/data_dump/hemant/rachit/dataset/downloaded_Data/cv-corpus-6.1-2020-12-11/en/wav/common_voice_en_18714262.wav,/media/data_dump/hemant/rachit/dataset/downloaded_Data/cv-corpus-6.1-2020-12-11/en/txt/common_voice_en_18714262.txt,nineties,2.928
/media/data_dump/hemant/rachit/dataset/downloaded_Data/cv-corpus-6.1-2020-12-11/en/wav/common_voice_en_19688695.wav,/media/data_dump/hemant/rachit/dataset/downloaded_Data/cv-corpus-6.1-2020-12-11/en/txt/common_voice_en_19688695.txt,nineties,3.816
/media/data_dump/hemant/rachit/dataset/downloaded_Data/cv-corpus-6.1-2020-12-11/en/wav/common_voice_en_20009896.wav,/media/data_dump/hemant/rachit/dataset/downloaded_Data/cv-corpus-6.1-2020-12-11/en/txt/common_voice_en_20009896.txt,nineties,3.816
/media/data_dump/hemant/rachit/dataset/downloaded_Data/cv-corpus-6.1-2020-12-11/en/wav/common_voice_en_20161616.wav,/media/data_dump/hemant/rachit/dataset/downloaded_Data/cv-corpus-6.1-2020-12-11/en/txt/common_voice_en_20161616.txt,nineties,3.96
/media/data_dump/hemant/rachit/dataset/downloaded_Data/cv-corpus-6.1-2020-12-11/en/wav/common_voice_en_20161614.wav,/media/data_dump/hemant/rachit/dataset/downloaded_Data/cv-corpus-6.1-2020-12-11/en/txt/common_voice_en_20161614.txt,nineties,4.08
/media/data_dump/hemant/rachit/dataset/downloaded_Data/cv-corpus-6.1-2020-12-11/en/wav/common_voice_en_19688697.wav,/media/data_dump/hemant/rachit/dataset/downloaded_Data/cv-corpus-6.1-2020-12-11/en/txt/common_voice_en_19688697.txt,nineties,4.32
/media/data_dump/hemant/rachit/dataset/downloaded_Data/cv-corpus-6.1-2020-12-11/en/wav/common_voice_en_20009935.wav,/media/data_dump/hemant/rachit/dataset/downloaded_Data/cv-corpus-6.1-2020-12-11/en/txt/common_voice_en_20009935.txt,nineties,4.344
/media/data_dump/hemant/rachit/dataset/downloaded_Data/cv-corpus-6.1-2020-12-11/en/wav/common_voice_en_19688698.wav,/media/data_dump/hemant/rachit/dataset/downloaded_Data/cv-corpus-6.1-2020-12-11/en/txt/common_voice_en_19688698.txt,nineties,4.416
/media/data_dump/hemant/rachit/dataset/downloaded_Data/cv-corpus-6.1-2020-12-11/en/wav/common_voice_en_20161611.wav,/media/data_dump/hemant/rachit/dataset/downloaded_Data/cv-corpus-6.1-2020-12-11/en/txt/common_voice_en_20161611.txt,nineties,4.512
/media/data_dump/hemant/rachit/dataset/downloaded_Data/cv-corpus-6.1-2020-12-11/en/wav/common_voice_en_18714235.wav,/media/data_dump/hemant/rachit/dataset/downloaded_Data/cv-corpus-6.1-2020-12-11/en/txt/common_voice_en_18714235.txt,nineties,4.68
/media/data_dump/hemant/rachit/dataset/downloaded_Data/cv-corpus-6.1-2020-12-11/en/wav/common_voice_en_20161617.wav,/media/data_dump/hemant/rachit/dataset/downloaded_Data/cv-corpus-6.1-2020-12-11/en/txt/common_voice_en_20161617.txt,nineties,4.752
/media/data_dump/hemant/rachit/dataset/downloaded_Data/cv-corpus-6.1-2020-12-11/en/wav/common_voice_en_20009851.wav,/media/data_dump/hemant/rachit/dataset/downloaded_Data/cv-corpus-6.1-2020-12-11/en/txt/common_voice_en_20009851.txt,nineties,4.8
/media/data_dump/hemant/rachit/dataset/downloaded_Data/cv-corpus-6.1-2020-12-11/en/wav/common_voice_en_20161612.wav,/media/data_dump/hemant/rachit/dataset/downloaded_Data/cv-corpus-6.1-2020-12-11/en/txt/common_voice_en_20161612.txt,nineties,5.28
/media/data_dump/hemant/rachit/dataset/downloaded_Data/cv-corpus-6.1-2020-12-11/en/wav/common_voice_en_20161615.wav,/media/data_dump/hemant/rachit/dataset/downloaded_Data/cv-corpus-6.1-2020-12-11/en/txt/common_voice_en_20161615.txt,nineties,5.4
/media/data_dump/hemant/rachit/dataset/downloaded_Data/cv-corpus-6.1-2020-12-11/en/wav/common_voice_en_18714245.wav,/media/data_dump/hemant/rachit/dataset/downloaded_Data/cv-corpus-6.1-2020-12-11/en/txt/common_voice_en_18714245.txt,nineties,5.448
/media/data_dump/hemant/rachit/dataset/downloaded_Data/cv-corpus-6.1-2020-12-11/en/wav/common_voice_en_20009850.wav,/media/data_dump/hemant/rachit/dataset/downloaded_Data/cv-corpus-6.1-2020-12-11/en/txt/common_voice_en_20009850.txt,nineties,5.544
/media/data_dump/hemant/rachit/dataset/downloaded_Data/cv-corpus-6.1-2020-12-11/en/wav/common_voice_en_18714231.wav,/media/data_dump/hemant/rachit/dataset/downloaded_Data/cv-corpus-6.1-2020-12-11/en/txt/common_voice_en_18714231.txt,nineties,5.592
/media/data_dump/hemant/rachit/dataset/downloaded_Data/cv-corpus-6.1-2020-12-11/en/wav/common_voice_en_18714264.wav,/media/data_dump/hemant/rachit/dataset/downloaded_Data/cv-corpus-6.1-2020-12-11/en/txt/common_voice_en_18714264.txt,nineties,5.616
/media/data_dump/hemant/rachit/dataset/downloaded_Data/cv-corpus-6.1-2020-12-11/en/wav/common_voice_en_20009892.wav,/media/data_dump/hemant/rachit/dataset/downloaded_Data/cv-corpus-6.1-2020-12-11/en/txt/common_voice_en_20009892.txt,nineties,5.688
/media/data_dump/hemant/rachit/dataset/downloaded_Data/cv-corpus-6.1-2020-12-11/en/wav/common_voice_en_18714227.wav,/media/data_dump/hemant/rachit/dataset/downloaded_Data/cv-corpus-6.1-2020-12-11/en/txt/common_voice_en_18714227.txt,nineties,5.688
/media/data_dump/hemant/rachit/dataset/downloaded_Data/cv-corpus-6.1-2020-12-11/en/wav/common_voice_en_18714244.wav,/media/data_dump/hemant/rachit/dataset/downloaded_Data/cv-corpus-6.1-2020-12-11/en/txt/common_voice_en_18714244.txt,nineties,5.76
/media/data_dump/hemant/rachit/dataset/downloaded_Data/cv-corpus-6.1-2020-12-11/en/wav/common_voice_en_18714228.wav,/media/data_dump/hemant/rachit/dataset/downloaded_Data/cv-corpus-6.1-2020-12-11/en/txt/common_voice_en_18714228.txt,nineties,5.808
/media/data_dump/hemant/rachit/dataset/downloaded_Data/cv-corpus-6.1-2020-12-11/en/wav/common_voice_en_20009930.wav,/media/data_dump/hemant/rachit/dataset/downloaded_Data/cv-corpus-6.1-2020-12-11/en/txt/common_voice_en_20009930.txt,nineties,5.856
/media/data_dump/hemant/rachit/dataset/downloaded_Data/cv-corpus-6.1-2020-12-11/en/wav/common_voice_en_18714223.wav,/media/data_dump/hemant/rachit/dataset/downloaded_Data/cv-corpus-6.1-2020-12-11/en/txt/common_voice_en_18714223.txt,nineties,5.856
/media/data_dump/hemant/rachit/dataset/downloaded_Data/cv-corpus-6.1-2020-12-11/en/wav/common_voice_en_20161613.wav,/media/data_dump/hemant/rachit/dataset/downloaded_Data/cv-corpus-6.1-2020-12-11/en/txt/common_voice_en_20161613.txt,nineties,5.88
/media/data_dump/hemant/rachit/dataset/downloaded_Data/cv-corpus-6.1-2020-12-11/en/wav/common_voice_en_18714284.wav,/media/data_dump/hemant/rachit/dataset/downloaded_Data/cv-corpus-6.1-2020-12-11/en/txt/common_voice_en_18714284.txt,nineties,5.928
/media/data_dump/hemant/rachit/dataset/downloaded_Data/cv-corpus-6.1-2020-12-11/en/wav/common_voice_en_18714222.wav,/media/data_dump/hemant/rachit/dataset/downloaded_Data/cv-corpus-6.1-2020-12-11/en/txt/common_voice_en_18714222.txt,nineties,6.024
/media/data_dump/hemant/rachit/dataset/downloaded_Data/cv-corpus-6.1-2020-12-11/en/wav/common_voice_en_18714239.wav,/media/data_dump/hemant/rachit/dataset/downloaded_Data/cv-corpus-6.1-2020-12-11/en/txt/common_voice_en_18714239.txt,nineties,6.024
/media/data_dump/hemant/rachit/dataset/downloaded_Data/cv-corpus-6.1-2020-12-11/en/wav/common_voice_en_20009874.wav,/media/data_dump/hemant/rachit/dataset/downloaded_Data/cv-corpus-6.1-2020-12-11/en/txt/common_voice_en_20009874.txt,nineties,6.048
/media/data_dump/hemant/rachit/dataset/downloaded_Data/cv-corpus-6.1-2020-12-11/en/wav/common_voice_en_20009928.wav,/media/data_dump/hemant/rachit/dataset/downloaded_Data/cv-corpus-6.1-2020-12-11/en/txt/common_voice_en_20009928.txt,nineties,6.048
/media/data_dump/hemant/rachit/dataset/downloaded_Data/cv-corpus-6.1-2020-12-11/en/wav/common_voice_en_18714215.wav,/media/data_dump/hemant/rachit/dataset/downloaded_Data/cv-corpus-6.1-2020-12-11/en/txt/common_voice_en_18714215.txt,nineties,6.072
/media/data_dump/hemant/rachit/dataset/downloaded_Data/cv-corpus-6.1-2020-12-11/en/wav/common_voice_en_18714238.wav,/media/data_dump/hemant/rachit/dataset/downloaded_Data/cv-corpus-6.1-2020-12-11/en/txt/common_voice_en_18714238.txt,nineties,6.168
/media/data_dump/hemant/rachit/dataset/downloaded_Data/cv-corpus-6.1-2020-12-11/en/wav/common_voice_en_18714250.wav,/media/data_dump/hemant/rachit/dataset/downloaded_Data/cv-corpus-6.1-2020-12-11/en/txt/common_voice_en_18714250.txt,nineties,6.192
/media/data_dump/hemant/rachit/dataset/downloaded_Data/cv-corpus-6.1-2020-12-11/en/wav/common_voice_en_18714283.wav,/media/data_dump/hemant/rachit/dataset/downloaded_Data/cv-corpus-6.1-2020-12-11/en/txt/common_voice_en_18714283.txt,nineties,6.264
/media/data_dump/hemant/rachit/dataset/downloaded_Data/cv-corpus-6.1-2020-12-11/en/wav/common_voice_en_18714237.wav,/media/data_dump/hemant/rachit/dataset/downloaded_Data/cv-corpus-6.1-2020-12-11/en/txt/common_voice_en_18714237.txt,nineties,6.312
/media/data_dump/hemant/rachit/dataset/downloaded_Data/cv-corpus-6.1-2020-12-11/en/wav/common_voice_en_18714247.wav,/media/data_dump/hemant/rachit/dataset/downloaded_Data/cv-corpus-6.1-2020-12-11/en/txt/common_voice_en_18714247.txt,nineties,6.36
/media/data_dump/hemant/rachit/dataset/downloaded_Data/cv-corpus-6.1-2020-12-11/en/wav/common_voice_en_18714257.wav,/media/data_dump/hemant/rachit/dataset/downloaded_Data/cv-corpus-6.1-2020-12-11/en/txt/common_voice_en_18714257.txt,nineties,6.432
/media/data_dump/hemant/rachit/dataset/downloaded_Data/cv-corpus-6.1-2020-12-11/en/wav/common_voice_en_18714213.wav,/media/data_dump/hemant/rachit/dataset/downloaded_Data/cv-corpus-6.1-2020-12-11/en/txt/common_voice_en_18714213.txt,nineties,6.456
/media/data_dump/hemant/rachit/dataset/downloaded_Data/cv-corpus-6.1-2020-12-11/en/wav/common_voice_en_18714221.wav,/media/data_dump/hemant/rachit/dataset/downloaded_Data/cv-corpus-6.1-2020-12-11/en/txt/common_voice_en_18714221.txt,nineties,6.624
/media/data_dump/hemant/rachit/dataset/downloaded_Data/cv-corpus-6.1-2020-12-11/en/wav/common_voice_en_19688700.wav,/media/data_dump/hemant/rachit/dataset/downloaded_Data/cv-corpus-6.1-2020-12-11/en/txt/common_voice_en_19688700.txt,nineties,6.648
/media/data_dump/hemant/rachit/dataset/downloaded_Data/cv-corpus-6.1-2020-12-11/en/wav/common_voice_en_20009931.wav,/media/data_dump/hemant/rachit/dataset/downloaded_Data/cv-corpus-6.1-2020-12-11/en/txt/common_voice_en_20009931.txt,nineties,6.648
/media/data_dump/hemant/rachit/dataset/downloaded_Data/cv-corpus-6.1-2020-12-11/en/wav/common_voice_en_18714280.wav,/media/data_dump/hemant/rachit/dataset/downloaded_Data/cv-corpus-6.1-2020-12-11/en/txt/common_voice_en_18714280.txt,nineties,6.648
/media/data_dump/hemant/rachit/dataset/downloaded_Data/cv-corpus-6.1-2020-12-11/en/wav/common_voice_en_18714263.wav,/media/data_dump/hemant/rachit/dataset/downloaded_Data/cv-corpus-6.1-2020-12-11/en/txt/common_voice_en_18714263.txt,nineties,6.696
/media/data_dump/hemant/rachit/dataset/downloaded_Data/cv-corpus-6.1-2020-12-11/en/wav/common_voice_en_18714277.wav,/media/data_dump/hemant/rachit/dataset/downloaded_Data/cv-corpus-6.1-2020-12-11/en/txt/common_voice_en_18714277.txt,nineties,6.816
/media/data_dump/hemant/rachit/dataset/downloaded_Data/cv-corpus-6.1-2020-12-11/en/wav/common_voice_en_18714265.wav,/media/data_dump/hemant/rachit/dataset/downloaded_Data/cv-corpus-6.1-2020-12-11/en/txt/common_voice_en_18714265.txt,nineties,6.84
/media/data_dump/hemant/rachit/dataset/downloaded_Data/cv-corpus-6.1-2020-12-11/en/wav/common_voice_en_18714258.wav,/media/data_dump/hemant/rachit/dataset/downloaded_Data/cv-corpus-6.1-2020-12-11/en/txt/common_voice_en_18714258.txt,nineties,6.864
/media/data_dump/hemant/rachit/dataset/downloaded_Data/cv-corpus-6.1-2020-12-11/en/wav/common_voice_en_18714211.wav,/media/data_dump/hemant/rachit/dataset/downloaded_Data/cv-corpus-6.1-2020-12-11/en/txt/common_voice_en_18714211.txt,nineties,6.888
/media/data_dump/hemant/rachit/dataset/downloaded_Data/cv-corpus-6.1-2020-12-11/en/wav/common_voice_en_18714261.wav,/media/data_dump/hemant/rachit/dataset/downloaded_Data/cv-corpus-6.1-2020-12-11/en/txt/common_voice_en_18714261.txt,nineties,6.888
/media/data_dump/hemant/rachit/dataset/downloaded_Data/cv-corpus-6.1-2020-12-11/en/wav/common_voice_en_20009895.wav,/media/data_dump/hemant/rachit/dataset/downloaded_Data/cv-corpus-6.1-2020-12-11/en/txt/common_voice_en_20009895.txt,nineties,6.936
/media/data_dump/hemant/rachit/dataset/downloaded_Data/cv-corpus-6.1-2020-12-11/en/wav/common_voice_en_18714259.wav,/media/data_dump/hemant/rachit/dataset/downloaded_Data/cv-corpus-6.1-2020-12-11/en/txt/common_voice_en_18714259.txt,nineties,6.96
/media/data_dump/hemant/rachit/dataset/downloaded_Data/cv-corpus-6.1-2020-12-11/en/wav/common_voice_en_18714232.wav,/media/data_dump/hemant/rachit/dataset/downloaded_Data/cv-corpus-6.1-2020-12-11/en/txt/common_voice_en_18714232.txt,nineties,6.984
/media/data_dump/hemant/rachit/dataset/downloaded_Data/cv-corpus-6.1-2020-12-11/en/wav/common_voice_en_20009893.wav,/media/data_dump/hemant/rachit/dataset/downloaded_Data/cv-corpus-6.1-2020-12-11/en/txt/common_voice_en_20009893.txt,nineties,7.128
/media/data_dump/hemant/rachit/dataset/downloaded_Data/cv-corpus-6.1-2020-12-11/en/wav/common_voice_en_18714226.wav,/media/data_dump/hemant/rachit/dataset/downloaded_Data/cv-corpus-6.1-2020-12-11/en/txt/common_voice_en_18714226.txt,nineties,7.176
/media/data_dump/hemant/rachit/dataset/downloaded_Data/cv-corpus-6.1-2020-12-11/en/wav/common_voice_en_18714252.wav,/media/data_dump/hemant/rachit/dataset/downloaded_Data/cv-corpus-6.1-2020-12-11/en/txt/common_voice_en_18714252.txt,nineties,7.176
/media/data_dump/hemant/rachit/dataset/downloaded_Data/cv-corpus-6.1-2020-12-11/en/wav/common_voice_en_20161610.wav,/media/data_dump/hemant/rachit/dataset/downloaded_Data/cv-corpus-6.1-2020-12-11/en/txt/common_voice_en_20161610.txt,nineties,7.2
/media/data_dump/hemant/rachit/dataset/downloaded_Data/cv-corpus-6.1-2020-12-11/en/wav/common_voice_en_18714234.wav,/media/data_dump/hemant/rachit/dataset/downloaded_Data/cv-corpus-6.1-2020-12-11/en/txt/common_voice_en_18714234.txt,nineties,7.224
/media/data_dump/hemant/rachit/dataset/downloaded_Data/cv-corpus-6.1-2020-12-11/en/wav/common_voice_en_18714281.wav,/media/data_dump/hemant/rachit/dataset/downloaded_Data/cv-corpus-6.1-2020-12-11/en/txt/common_voice_en_18714281.txt,nineties,7.272
/media/data_dump/hemant/rachit/dataset/downloaded_Data/cv-corpus-6.1-2020-12-11/en/wav/common_voice_en_18714249.wav,/media/data_dump/hemant/rachit/dataset/downloaded_Data/cv-corpus-6.1-2020-12-11/en/txt/common_voice_en_18714249.txt,nineties,7.296
/media/data_dump/hemant/rachit/dataset/downloaded_Data/cv-corpus-6.1-2020-12-11/en/wav/common_voice_en_20009847.wav,/media/data_dump/hemant/rachit/dataset/downloaded_Data/cv-corpus-6.1-2020-12-11/en/txt/common_voice_en_20009847.txt,nineties,7.344
/media/data_dump/hemant/rachit/dataset/downloaded_Data/cv-corpus-6.1-2020-12-11/en/wav/common_voice_en_18714260.wav,/media/data_dump/hemant/rachit/dataset/downloaded_Data/cv-corpus-6.1-2020-12-11/en/txt/common_voice_en_18714260.txt,nineties,7.392
/media/data_dump/hemant/rachit/dataset/downloaded_Data/cv-corpus-6.1-2020-12-11/en/wav/common_voice_en_20161608.wav,/media/data_dump/hemant/rachit/dataset/downloaded_Data/cv-corpus-6.1-2020-12-11/en/txt/common_voice_en_20161608.txt,nineties,7.44
/media/data_dump/hemant/rachit/dataset/downloaded_Data/cv-corpus-6.1-2020-12-11/en/wav/common_voice_en_20009848.wav,/media/data_dump/hemant/rachit/dataset/downloaded_Data/cv-corpus-6.1-2020-12-11/en/txt/common_voice_en_20009848.txt,nineties,7.464
/media/data_dump/hemant/rachit/dataset/downloaded_Data/cv-corpus-6.1-2020-12-11/en/wav/common_voice_en_20009849.wav,/media/data_dump/hemant/rachit/dataset/downloaded_Data/cv-corpus-6.1-2020-12-11/en/txt/common_voice_en_20009849.txt,nineties,7.464
/media/data_dump/hemant/rachit/dataset/downloaded_Data/cv-corpus-6.1-2020-12-11/en/wav/common_voice_en_18714214.wav,/media/data_dump/hemant/rachit/dataset/downloaded_Data/cv-corpus-6.1-2020-12-11/en/txt/common_voice_en_18714214.txt,nineties,7.464
/media/data_dump/hemant/rachit/dataset/downloaded_Data/cv-corpus-6.1-2020-12-11/en/wav/common_voice_en_18714246.wav,/media/data_dump/hemant/rachit/dataset/downloaded_Data/cv-corpus-6.1-2020-12-11/en/txt/common_voice_en_18714246.txt,nineties,7.56
/media/data_dump/hemant/rachit/dataset/downloaded_Data/cv-corpus-6.1-2020-12-11/en/wav/common_voice_en_18714236.wav,/media/data_dump/hemant/rachit/dataset/downloaded_Data/cv-corpus-6.1-2020-12-11/en/txt/common_voice_en_18714236.txt,nineties,7.584
/media/data_dump/hemant/rachit/dataset/downloaded_Data/cv-corpus-6.1-2020-12-11/en/wav/common_voice_en_18714233.wav,/media/data_dump/hemant/rachit/dataset/downloaded_Data/cv-corpus-6.1-2020-12-11/en/txt/common_voice_en_18714233.txt,nineties,7.608
/media/data_dump/hemant/rachit/dataset/downloaded_Data/cv-corpus-6.1-2020-12-11/en/wav/common_voice_en_19688699.wav,/media/data_dump/hemant/rachit/dataset/downloaded_Data/cv-corpus-6.1-2020-12-11/en/txt/common_voice_en_19688699.txt,nineties,7.632
/media/data_dump/hemant/rachit/dataset/downloaded_Data/cv-corpus-6.1-2020-12-11/en/wav/common_voice_en_18714224.wav,/media/data_dump/hemant/rachit/dataset/downloaded_Data/cv-corpus-6.1-2020-12-11/en/txt/common_voice_en_18714224.txt,nineties,7.728
/media/data_dump/hemant/rachit/dataset/downloaded_Data/cv-corpus-6.1-2020-12-11/en/wav/common_voice_en_18714241.wav,/media/data_dump/hemant/rachit/dataset/downloaded_Data/cv-corpus-6.1-2020-12-11/en/txt/common_voice_en_18714241.txt,nineties,7.752
/media/data_dump/hemant/rachit/dataset/downloaded_Data/cv-corpus-6.1-2020-12-11/en/wav/common_voice_en_18714240.wav,/media/data_dump/hemant/rachit/dataset/downloaded_Data/cv-corpus-6.1-2020-12-11/en/txt/common_voice_en_18714240.txt,nineties,7.896
/media/data_dump/hemant/rachit/dataset/downloaded_Data/cv-corpus-6.1-2020-12-11/en/wav/common_voice_en_18714256.wav,/media/data_dump/hemant/rachit/dataset/downloaded_Data/cv-corpus-6.1-2020-12-11/en/txt/common_voice_en_18714256.txt,nineties,8.088
/media/data_dump/hemant/rachit/dataset/downloaded_Data/cv-corpus-6.1-2020-12-11/en/wav/common_voice_en_18714229.wav,/media/data_dump/hemant/rachit/dataset/downloaded_Data/cv-corpus-6.1-2020-12-11/en/txt/common_voice_en_18714229.txt,nineties,8.112
/media/data_dump/hemant/rachit/dataset/downloaded_Data/cv-corpus-6.1-2020-12-11/en/wav/common_voice_en_18714219.wav,/media/data_dump/hemant/rachit/dataset/downloaded_Data/cv-corpus-6.1-2020-12-11/en/txt/common_voice_en_18714219.txt,nineties,8.304
/media/data_dump/hemant/rachit/dataset/downloaded_Data/cv-corpus-6.1-2020-12-11/en/wav/common_voice_en_18714225.wav,/media/data_dump/hemant/rachit/dataset/downloaded_Data/cv-corpus-6.1-2020-12-11/en/txt/common_voice_en_18714225.txt,nineties,8.328
/media/data_dump/hemant/rachit/dataset/downloaded_Data/cv-corpus-6.1-2020-12-11/en/wav/common_voice_en_20009875.wav,/media/data_dump/hemant/rachit/dataset/downloaded_Data/cv-corpus-6.1-2020-12-11/en/txt/common_voice_en_20009875.txt,nineties,8.4
/media/data_dump/hemant/rachit/dataset/downloaded_Data/cv-corpus-6.1-2020-12-11/en/wav/common_voice_en_18714212.wav,/media/data_dump/hemant/rachit/dataset/downloaded_Data/cv-corpus-6.1-2020-12-11/en/txt/common_voice_en_18714212.txt,nineties,8.832
/media/data_dump/hemant/rachit/dataset/downloaded_Data/cv-corpus-6.1-2020-12-11/en/wav/common_voice_en_18714230.wav,/media/data_dump/hemant/rachit/dataset/downloaded_Data/cv-corpus-6.1-2020-12-11/en/txt/common_voice_en_18714230.txt,nineties,9.0
/media/data_dump/hemant/rachit/dataset/downloaded_Data/cv-corpus-6.1-2020-12-11/en/wav/common_voice_en_20009933.wav,/media/data_dump/hemant/rachit/dataset/downloaded_Data/cv-corpus-6.1-2020-12-11/en/txt/common_voice_en_20009933.txt,nineties,9.6
/media/data_dump/hemant/rachit/dataset/downloaded_Data/cv-corpus-6.1-2020-12-11/en/wav/common_voice_en_18714216.wav,/media/data_dump/hemant/rachit/dataset/downloaded_Data/cv-corpus-6.1-2020-12-11/en/txt/common_voice_en_18714216.txt,nineties,9.96
/media/data_dump/hemant/rachit/dataset/downloaded_Data/cv-corpus-6.1-2020-12-11/en/wav/common_voice_en_18714217.wav,/media/data_dump/hemant/rachit/dataset/downloaded_Data/cv-corpus-6.1-2020-12-11/en/txt/common_voice_en_18714217.txt,nineties,10.224
/media/data_dump/hemant/rachit/dataset/downloaded_Data/cv-corpus-6.1-2020-12-11/en/wav/common_voice_en_18714220.wav,/media/data_dump/hemant/rachit/dataset/downloaded_Data/cv-corpus-6.1-2020-12-11/en/txt/common_voice_en_18714220.txt,nineties,10.344
/media/data_dump/hemant/rachit/dataset/downloaded_Data/cv-corpus-6.1-2020-12-11/en/wav/common_voice_en_18714278.wav,/media/data_dump/hemant/rachit/dataset/downloaded_Data/cv-corpus-6.1-2020-12-11/en/txt/common_voice_en_18714278.txt,nineties,10.512
